{
  "IsEncrypted": false,
  "Values": {
    "AzureWebJobsStorage": "UseDevelopmentStorage=true",
    "FUNCTIONS_WORKER_RUNTIME": "dotnet",
    "AZURE_SUBSCRIPTION_ID": "a82914ea-a663-4aa4-b67d-a5e95824a4c8",
    "AZURE_RESOURCE_GROUP_NAME": "Semester6",
    "AKS_CLUSTER_NAME": "MockNetflix",
    "SQL_SERVER_NAME": "mocknetflixserver",
    "ELASTIC_POOL_NAME": "s6elastic",
    "AZURE_CLIENT_ID": "91b029b8-ace8-43a9-a73c-d7099768515e",
    "AZURE_CLIENT_SECRET": "ncw8Q~FXmChEjyu3HJw_6cv6VKcT-evXDxRgrby4",
    "AZURE_TENANT_ID": "0172c9f5-f568-42ac-9eb8-24ef84881faa"
  }
}
